dataset,cluster_id,description,question_ids,url,url_base,count
health,85,"Health impacts of prolonged sitting and optimal ergonomic postures, chairs, desks, and alternatives for back-friendly computer work.","['health_463', 'health_3089']",https://www.nhs.uk/live-well/exercise/why-sitting-too-much-is-bad-for-us,nhs.uk,2
health,85,"Health impacts of prolonged sitting and optimal ergonomic postures, chairs, desks, and alternatives for back-friendly computer work.","['health_124', 'health_3089']",https://pmc.ncbi.nlm.nih.gov/articles/PMC5618737,pmc.ncbi.nlm.nih.gov,2
health,85,"Health impacts of prolonged sitting and optimal ergonomic postures, chairs, desks, and alternatives for back-friendly computer work.","['health_31838', 'health_1396', 'health_3089']",https://www.betterhealth.vic.gov.au/health/healthyliving/the-dangers-of-sitting,betterhealth.vic.gov.au,3
health,85,"Health impacts of prolonged sitting and optimal ergonomic postures, chairs, desks, and alternatives for back-friendly computer work.","['health_31838', 'health_9315', 'health_3089']",https://pmc.ncbi.nlm.nih.gov/articles/PMC7822118,pmc.ncbi.nlm.nih.gov,3
health,85,"Health impacts of prolonged sitting and optimal ergonomic postures, chairs, desks, and alternatives for back-friendly computer work.","['health_14313', 'health_8798', 'health_3885']",https://www.reddit.com/r/StandingDesk/comments/15unfga/is_there_any_evidence_that_standing_desks_are,reddit.com,3
health,85,"Health impacts of prolonged sitting and optimal ergonomic postures, chairs, desks, and alternatives for back-friendly computer work.","['health_8798', 'health_3885']",https://www.ohow.com/2021/02/08/standing-desk-ergonomics-7-benefits-of-standing-at-work,ohow.com,2
health,85,"Health impacts of prolonged sitting and optimal ergonomic postures, chairs, desks, and alternatives for back-friendly computer work.","['health_1055', 'health_3885', 'health_5052', 'health_32647', 'health_1396', 'health_31838', 'health_463']",https://www.mayoclinic.org/healthy-lifestyle/adult-health/in-depth/office-ergonomics/art-20046169,mayoclinic.org,7
health,85,"Health impacts of prolonged sitting and optimal ergonomic postures, chairs, desks, and alternatives for back-friendly computer work.","['health_31838', 'health_13227', 'health_32647', 'health_3885']",https://pmc.ncbi.nlm.nih.gov/articles/PMC3552974,pmc.ncbi.nlm.nih.gov,4
health,85,"Health impacts of prolonged sitting and optimal ergonomic postures, chairs, desks, and alternatives for back-friendly computer work.","['health_155', 'health_9315']",https://www.health.harvard.edu/staying-healthy/3-surprising-risks-of-poor-posture,health.harvard.edu,2
health,85,"Health impacts of prolonged sitting and optimal ergonomic postures, chairs, desks, and alternatives for back-friendly computer work.","['health_14313', 'health_463', 'health_124', 'health_155']",https://www.mayoclinic.org/healthy-lifestyle/adult-health/expert-answers/sitting/faq-20058005,mayoclinic.org,4
health,85,"Health impacts of prolonged sitting and optimal ergonomic postures, chairs, desks, and alternatives for back-friendly computer work.","['health_5052', 'health_5697']",https://www.reddit.com/r/Ergonomics/comments/1e2j3w9/what_are_things_you_want_in_an_ergonomic_chair,reddit.com,2
health,85,"Health impacts of prolonged sitting and optimal ergonomic postures, chairs, desks, and alternatives for back-friendly computer work.","['health_5052', 'health_5697', 'health_1396']",https://www.safety.pitt.edu/ehs/ergonomics/how-choose-ergonomic-chair,safety.pitt.edu,3
health,85,"Health impacts of prolonged sitting and optimal ergonomic postures, chairs, desks, and alternatives for back-friendly computer work.","['health_31838', 'health_5052']",https://pubmed.ncbi.nlm.nih.gov/36437777,pubmed.ncbi.nlm.nih.gov,2
health,85,"Health impacts of prolonged sitting and optimal ergonomic postures, chairs, desks, and alternatives for back-friendly computer work.","['health_5052', 'health_1396']",https://www.spine-health.com/wellness/ergonomics/office-chair-choosing-right-ergonomic-office-chair,spine-health.com,2
health,85,"Health impacts of prolonged sitting and optimal ergonomic postures, chairs, desks, and alternatives for back-friendly computer work.","['health_5052', 'health_5697']",https://www.reddit.com/r/OfficeChairs/comments/1maz9ef/thinking_of_finally_getting_a_proper_ergonomic,reddit.com,2
health,85,"Health impacts of prolonged sitting and optimal ergonomic postures, chairs, desks, and alternatives for back-friendly computer work.","['health_31838', 'health_7584', 'health_32647']",https://bodybilt.com,bodybilt.com,3
health,85,"Health impacts of prolonged sitting and optimal ergonomic postures, chairs, desks, and alternatives for back-friendly computer work.","['health_9085', 'health_124']",https://www.yalemedicine.org/news/sitting-health-risks,yalemedicine.org,2
health,85,"Health impacts of prolonged sitting and optimal ergonomic postures, chairs, desks, and alternatives for back-friendly computer work.","['health_31838', 'health_5697']",https://www.ccohs.ca/oshanswers/ergonomics/office/chair.html,ccohs.ca,2
health,85,"Health impacts of prolonged sitting and optimal ergonomic postures, chairs, desks, and alternatives for back-friendly computer work.","['health_31838', 'health_32647', 'health_5697']",https://bodybilt.com/ergonomic-seating/by-application/office,bodybilt.com,3
health,85,"Health impacts of prolonged sitting and optimal ergonomic postures, chairs, desks, and alternatives for back-friendly computer work.","['health_13227', 'health_5697']",https://www.healthline.com/health/deskercise,healthline.com,2
health,85,"Health impacts of prolonged sitting and optimal ergonomic postures, chairs, desks, and alternatives for back-friendly computer work.","['health_14313', 'health_8798']",https://www.reddit.com/r/StandingDesk/comments/1csav8a/how_long_can_someone_stand_and_work_at_a_standing,reddit.com,2
health,85,"Health impacts of prolonged sitting and optimal ergonomic postures, chairs, desks, and alternatives for back-friendly computer work.","['health_31838', 'health_8798']",https://pmc.ncbi.nlm.nih.gov/articles/PMC4591921,pmc.ncbi.nlm.nih.gov,2
health,85,"Health impacts of prolonged sitting and optimal ergonomic postures, chairs, desks, and alternatives for back-friendly computer work.","['health_14313', 'health_8798']",https://www.health.harvard.edu/blog/the-truth-behind-standing-desks-2016092310264,health.harvard.edu,2
health,85,"Health impacts of prolonged sitting and optimal ergonomic postures, chairs, desks, and alternatives for back-friendly computer work.","['health_31838', 'health_463']",https://www.upliftdesk.com/ergonomic-chairs,upliftdesk.com,2
health,85,"Health impacts of prolonged sitting and optimal ergonomic postures, chairs, desks, and alternatives for back-friendly computer work.","['health_13227', 'health_32647']",https://preferredergonomics.com/blogs/news/6-health-benefits-of-ergonomic-chairs-at-work,preferredergonomics.com,2
health,59,"Medical considerations, safety guidelines, and health effects related to blood donation practices, eligibility, and donor behavior.","['health_516', 'health_13758', 'health_5288', 'health_17215', 'health_20417']",https://stanfordbloodcenter.org/pulse-spring23-what-really-happens-to-your-body-after-you-donate-blood-effects-risks-and-recovery,stanfordbloodcenter.org,5
health,59,"Medical considerations, safety guidelines, and health effects related to blood donation practices, eligibility, and donor behavior.","['health_5288', 'health_17215']",https://www.cc.nih.gov/bloodbank/after-donating,cc.nih.gov,2
health,59,"Medical considerations, safety guidelines, and health effects related to blood donation practices, eligibility, and donor behavior.","['health_13758', 'health_5288']",https://www.cuimc.columbia.edu/news/surprising-benefits-donating-blood,cuimc.columbia.edu,2
health,59,"Medical considerations, safety guidelines, and health effects related to blood donation practices, eligibility, and donor behavior.","['health_516', 'health_31793', 'health_5288', 'health_17215']",https://www.redcrossblood.org/donate-blood/blood-donation-process/before-during-after.html,redcrossblood.org,4
health,59,"Medical considerations, safety guidelines, and health effects related to blood donation practices, eligibility, and donor behavior.","['health_13758', 'health_5288']",https://www.healthline.com/health/benefits-of-donating-blood,healthline.com,2
health,59,"Medical considerations, safety guidelines, and health effects related to blood donation practices, eligibility, and donor behavior.","['health_10306', 'health_4780']",https://ods.od.nih.gov/factsheets/Iron-HealthProfessional,ods.od.nih.gov,2
health,59,"Medical considerations, safety guidelines, and health effects related to blood donation practices, eligibility, and donor behavior.","['health_516', 'health_20417']",https://www.bloodcenter.org/donate/donor/requirements-faq,bloodcenter.org,2
health,59,"Medical considerations, safety guidelines, and health effects related to blood donation practices, eligibility, and donor behavior.","['health_516', 'health_5303', 'health_20417']",https://www.redcrossblood.org/faq.html,redcrossblood.org,3
health,59,"Medical considerations, safety guidelines, and health effects related to blood donation practices, eligibility, and donor behavior.","['health_516', 'health_17215']",https://www.vitalant.org/blog/blood-donation-basics/what-happens-to-your-body-after-you-donate-blood,vitalant.org,2
health,59,"Medical considerations, safety guidelines, and health effects related to blood donation practices, eligibility, and donor behavior.","['health_516', 'health_13758', 'health_17215']",https://www.blood.co.uk/the-donation-process/after-your-donation/how-your-body-replaces-blood,blood.co.uk,3
health,59,"Medical considerations, safety guidelines, and health effects related to blood donation practices, eligibility, and donor behavior.","['health_516', 'health_5303']",https://www.mayoclinic.org/tests-procedures/blood-donation/about/pac-20385144,mayoclinic.org,2
health,59,"Medical considerations, safety guidelines, and health effects related to blood donation practices, eligibility, and donor behavior.","['health_10224', 'health_666']",https://www.cdc.gov/alcohol/about-alcohol-use/index.html,cdc.gov,2
health,59,"Medical considerations, safety guidelines, and health effects related to blood donation practices, eligibility, and donor behavior.","['health_10224', 'health_666']",https://www.niaaa.nih.gov/alcohols-effects-health/alcohols-effects-body,niaaa.nih.gov,2
health,59,"Medical considerations, safety guidelines, and health effects related to blood donation practices, eligibility, and donor behavior.","['health_31793', 'health_10306']",https://www.ncbi.nlm.nih.gov/books/NBK540969,ncbi.nlm.nih.gov,2
health,59,"Medical considerations, safety guidelines, and health effects related to blood donation practices, eligibility, and donor behavior.","['health_20687', 'health_31757']",https://medlineplus.gov/lab-tests/glucose-in-urine-test,medlineplus.gov,2
health,59,"Medical considerations, safety guidelines, and health effects related to blood donation practices, eligibility, and donor behavior.","['health_17575', 'health_20417']",https://www.redcrossblood.org/donate-blood/how-to-donate/eligibility-requirements/eligibility-criteria-alphabetical.html,redcrossblood.org,2
law,86,"US constitutional rules on citizenship at birth, territorial status, and eligibility to vote or become president.","['law_855', 'law_53416']",https://news.northeastern.edu/2024/10/28/can-puerto-ricans-vote-presidential-election,news.northeastern.edu,2
law,86,"US constitutional rules on citizenship at birth, territorial status, and eligibility to vote or become president.","['law_855', 'law_7194']",https://www.archives.gov/milestone-documents/voting-rights-act,archives.gov,2
law,86,"US constitutional rules on citizenship at birth, territorial status, and eligibility to vote or become president.","['law_855', 'law_79858', 'law_108740', 'law_91546', 'law_76609', 'law_33235', 'law_105973']",https://www.americanimmigrationcouncil.org/fact-sheet/birthright-citizenship-united-states,americanimmigrationcouncil.org,7
law,86,"US constitutional rules on citizenship at birth, territorial status, and eligibility to vote or become president.","['law_94974', 'law_855']",https://www.americanimmigrationcouncil.org/blog/in-birthright-citizenship-decision-the-supreme-court-expanded-trumps-power,americanimmigrationcouncil.org,2
law,86,"US constitutional rules on citizenship at birth, territorial status, and eligibility to vote or become president.","['law_106991', 'law_855', 'law_105973']",https://www.usccr.gov/files/2021-11/voting-rights-in-the-territories-advisory-memo-ct-sac.pdf,usccr.gov,3
law,86,"US constitutional rules on citizenship at birth, territorial status, and eligibility to vote or become president.","['law_106991', 'law_855', 'law_53416']",https://en.wikipedia.org/wiki/Federal_voting_rights_in_Puerto_Rico,en.wikipedia.org,3
law,86,"US constitutional rules on citizenship at birth, territorial status, and eligibility to vote or become president.","['law_4239', 'law_54854']",https://www.overseasvotefoundation.org/content/can-dual-citizens-vote-abroad-us-elections,overseasvotefoundation.org,2
law,86,"US constitutional rules on citizenship at birth, territorial status, and eligibility to vote or become president.","['law_4239', 'law_54854']",https://www.usvotefoundation.org/voting-us-elections-explained-can-i-vote-dual-citizen-yes-you-can,usvotefoundation.org,2
law,86,"US constitutional rules on citizenship at birth, territorial status, and eligibility to vote or become president.","['law_4239', 'law_54854', 'law_53416', 'law_14889', 'law_26355']",https://travel.state.gov/en/international-travel/living-abroad/voting.html,travel.state.gov,5
law,86,"US constitutional rules on citizenship at birth, territorial status, and eligibility to vote or become president.","['law_4239', 'law_54854']",https://travel.gc.ca/travelling/living-abroad/elections-faq,travel.gc.ca,2
law,86,"US constitutional rules on citizenship at birth, territorial status, and eligibility to vote or become president.","['law_4239', 'law_29871', 'law_106991', 'law_54854', 'law_14889']",https://www.usa.gov/who-can-vote,usa.gov,5
law,86,"US constitutional rules on citizenship at birth, territorial status, and eligibility to vote or become president.","['law_4239', 'law_26355', 'law_54854', 'law_53416']",https://www.fvap.gov/uploads/FVAP/Reports/FVAP-OCPAsummarybrief.pdf,fvap.gov,4
law,86,"US constitutional rules on citizenship at birth, territorial status, and eligibility to vote or become president.","['law_91546', 'law_9411', 'law_30016', 'law_33235']",https://www.uscis.gov/citizenship/learn-about-citizenship/i-am-the-child-of-a-us-citizen,uscis.gov,4
law,86,"US constitutional rules on citizenship at birth, territorial status, and eligibility to vote or become president.","['law_91546', 'law_9411', 'law_79858', 'law_73235']",https://fam.state.gov/fam/08fam/08fam010203.html,fam.state.gov,4
law,86,"US constitutional rules on citizenship at birth, territorial status, and eligibility to vote or become president.","['law_9411', 'law_33235']",https://www.americanimmigrationcouncil.org/fact-sheet/us-citizen-children-impacted-immigration-enforcement,americanimmigrationcouncil.org,2
law,86,"US constitutional rules on citizenship at birth, territorial status, and eligibility to vote or become president.","['law_9411', 'law_30016', 'law_33235']",https://travel.state.gov/content/travel/en/legal/travel-legal-considerations/us-citizenship/Acquisition-US-Citizenship-Child-Born-Abroad.html,travel.state.gov,3
law,86,"US constitutional rules on citizenship at birth, territorial status, and eligibility to vote or become president.","['law_91546', 'law_9411']",https://www.uscis.gov/policy-manual/volume-12-part-h-chapter-4,uscis.gov,2
law,86,"US constitutional rules on citizenship at birth, territorial status, and eligibility to vote or become president.","['law_9411', 'law_30016']",https://travel.state.gov/en/international-travel/living-abroad/birth.html,travel.state.gov,2
law,86,"US constitutional rules on citizenship at birth, territorial status, and eligibility to vote or become president.","['law_14889', 'law_26355']",https://www.fvap.gov/citizen-voter,fvap.gov,2
law,86,"US constitutional rules on citizenship at birth, territorial status, and eligibility to vote or become president.","['law_14889', 'law_26355', 'law_53416']",https://www.overseasvotefoundation.org/vote-from-abroad-overseas-voting,overseasvotefoundation.org,3
law,86,"US constitutional rules on citizenship at birth, territorial status, and eligibility to vote or become president.","['law_14889', 'law_26355']",https://www.overseasvotefoundation.org/content/what-state-do-i-vote-if-i-live-abroad,overseasvotefoundation.org,2
law,86,"US constitutional rules on citizenship at birth, territorial status, and eligibility to vote or become president.","['law_14889', 'law_26355']",https://www.fvap.gov/info/reports-surveys/overseas-citizen-population-analysis,fvap.gov,2
law,86,"US constitutional rules on citizenship at birth, territorial status, and eligibility to vote or become president.","['law_7357', 'law_54854']",https://www.fvap.gov/info/laws/voting-residence,fvap.gov,2
law,86,"US constitutional rules on citizenship at birth, territorial status, and eligibility to vote or become president.","['law_7357', 'law_14025']",https://www.sos.ca.gov/elections/frequently-asked-questions,sos.ca.gov,2
law,86,"US constitutional rules on citizenship at birth, territorial status, and eligibility to vote or become president.","['law_7357', 'law_14025']",https://www.sos.ca.gov/elections/voting-resources/voting-california/students,sos.ca.gov,2
law,86,"US constitutional rules on citizenship at birth, territorial status, and eligibility to vote or become president.","['law_7357', 'law_14025']",https://www.elections.virginia.gov/registration/college-student-info,elections.virginia.gov,2
law,86,"US constitutional rules on citizenship at birth, territorial status, and eligibility to vote or become president.","['law_7357', 'law_14025']",https://allinchallenge.org/wp-content/uploads/ALL-IN-Out-of-State-College-Student-Voting-Guide.pdf,allinchallenge.org,2
law,86,"US constitutional rules on citizenship at birth, territorial status, and eligibility to vote or become president.","['law_108740', 'law_33235']",https://supreme.justia.com/cases/federal/us/169/649,supreme.justia.com,2
law,86,"US constitutional rules on citizenship at birth, territorial status, and eligibility to vote or become president.","['law_91546', 'law_108740', 'law_33235']",https://constitutioncenter.org/the-constitution/supreme-court-case-library/united-states-v-wong-kim-ark-1898,constitutioncenter.org,3
law,86,"US constitutional rules on citizenship at birth, territorial status, and eligibility to vote or become president.","['law_91546', 'law_33235']",https://constitution.congress.gov/browse/essay/amdt14-S1-1-2/ALDE_00000812,constitution.congress.gov,2
law,86,"US constitutional rules on citizenship at birth, territorial status, and eligibility to vote or become president.","['law_91546', 'law_108740', 'law_33235']",https://www.americanimmigrationcouncil.org/about-immigration/birthright-citizenship,americanimmigrationcouncil.org,3
law,86,"US constitutional rules on citizenship at birth, territorial status, and eligibility to vote or become president.","['law_91546', 'law_79858', 'law_108740', 'law_33235']",https://www.brennancenter.org/our-work/research-reports/birthright-citizenship-under-us-constitution,brennancenter.org,4
law,86,"US constitutional rules on citizenship at birth, territorial status, and eligibility to vote or become president.","['law_108740', 'law_33235']",https://www.oyez.org/cases/1850-1900/169us649,oyez.org,2
law,86,"US constitutional rules on citizenship at birth, territorial status, and eligibility to vote or become president.","['law_29871', 'law_30016']",https://www.usa.gov/requirements-for-presidential-candidates,usa.gov,2
law,86,"US constitutional rules on citizenship at birth, territorial status, and eligibility to vote or become president.","['law_29871', 'law_105973', 'law_30016', 'law_7194']",https://constitution.congress.gov/browse/essay/artII-S1-C5-1/ALDE_00013692,constitution.congress.gov,4
law,86,"US constitutional rules on citizenship at birth, territorial status, and eligibility to vote or become president.","['law_106991', 'law_53416']",https://guides.loc.gov/latinx-civil-rights/jones-shafroth-act,guides.loc.gov,2
law,86,"US constitutional rules on citizenship at birth, territorial status, and eligibility to vote or become president.","['law_106991', 'law_53416']",https://statecourtreport.org/our-work/analysis-opinion/territorial-courts-constitutions-and-organic-acts-explained,statecourtreport.org,2
law,86,"US constitutional rules on citizenship at birth, territorial status, and eligibility to vote or become president.","['law_106991', 'law_53416']",https://www.cfr.org/backgrounders/puerto-rico-us-territory-crisis,cfr.org,2
law,86,"US constitutional rules on citizenship at birth, territorial status, and eligibility to vote or become president.","['law_106991', 'law_53416']",https://www.rockthevote.org/explainers/washington-d-c-puerto-rico-and-the-u-s-territories,rockthevote.org,2
law,86,"US constitutional rules on citizenship at birth, territorial status, and eligibility to vote or become president.","['law_29871', 'law_105973']",https://www.archives.gov/electoral-college/faq,archives.gov,2
law,86,"US constitutional rules on citizenship at birth, territorial status, and eligibility to vote or become president.","['law_29871', 'law_105973']",https://scholarship.law.upenn.edu/cgi/viewcontent.cgi?article=1153&context=jcl,scholarship.law.upenn.edu,2
law,86,"US constitutional rules on citizenship at birth, territorial status, and eligibility to vote or become president.","['law_29871', 'law_7194']",https://www.senate.gov/civics/constitution_item/constitution.htm,senate.gov,2
law,86,"US constitutional rules on citizenship at birth, territorial status, and eligibility to vote or become president.","['law_29871', 'law_7194']",https://constitution.congress.gov/browse/article-2/section-1/clause-5,constitution.congress.gov,2
law,86,"US constitutional rules on citizenship at birth, territorial status, and eligibility to vote or become president.","['law_105973', 'law_7194']",https://constitutioncenter.org/the-constitution/amendments/amendment-xiv/clauses/700,constitutioncenter.org,2
law,86,"US constitutional rules on citizenship at birth, territorial status, and eligibility to vote or become president.","['law_76609', 'law_7194']",https://www.law.cornell.edu/wex/natural_born_citizen,law.cornell.edu,2
law,86,"US constitutional rules on citizenship at birth, territorial status, and eligibility to vote or become president.","['law_76609', 'law_105973', 'law_7194']",https://en.wikipedia.org/wiki/Natural-born-citizen_clause_(United_States),en.wikipedia.org,3
law,86,"US constitutional rules on citizenship at birth, territorial status, and eligibility to vote or become president.","['law_91546', 'law_7194']",https://www.whitehouse.gov/presidential-actions/2025/01/protecting-the-meaning-and-value-of-american-citizenship,whitehouse.gov,2
law,86,"US constitutional rules on citizenship at birth, territorial status, and eligibility to vote or become president.","['law_79858', 'law_7194']",https://www.americanimmigrationcouncil.org/blog/breaking-down-trump-end-birthright-citizenship,americanimmigrationcouncil.org,2
law,86,"US constitutional rules on citizenship at birth, territorial status, and eligibility to vote or become president.","['law_76609', 'law_73235', 'law_7194']",https://www.law.georgetown.edu/constitution-center/constitution/presidential-eligibility,law.georgetown.edu,3
law,86,"US constitutional rules on citizenship at birth, territorial status, and eligibility to vote or become president.","['law_76609', 'law_73235', 'law_7194']",https://harvardlawreview.org/forum/vol-128/on-the-meaning-of-natural-born-citizen,harvardlawreview.org,3
law,86,"US constitutional rules on citizenship at birth, territorial status, and eligibility to vote or become president.","['law_101873', 'law_79858']",https://www.supremecourt.gov/opinions/21pdf/19-1392_6j37.pdf,supremecourt.gov,2
law,86,"US constitutional rules on citizenship at birth, territorial status, and eligibility to vote or become president.","['law_79858', 'law_108740']",https://lettersandsciencemag.ucdavis.edu/self-society/brief-history-citizenship-14th-amendment-us-constitution,lettersandsciencemag.ucdavis.edu,2
law,86,"US constitutional rules on citizenship at birth, territorial status, and eligibility to vote or become president.","['law_94974', 'law_73235']",https://www.uscourts.gov/about-federal-courts/educational-resources/supreme-court-landmarks,uscourts.gov,2
law,69,"Legal rights around ownership and retrieval of gifted property, especially between parents, minors, ex-partners, and friends.","['law_109998', 'law_15919']",https://www.reddit.com/r/legaladviceofftopic/comments/176vlt5/when_a_parent_buys_something_for_a_child_who_does,reddit.com,2
law,69,"Legal rights around ownership and retrieval of gifted property, especially between parents, minors, ex-partners, and friends.","['law_65051', 'law_25881', 'law_15919', 'law_91380', 'law_76587', 'law_105618', 'law_24455']",https://law.stackexchange.com/questions/76587/is-it-legal-for-a-parent-to-take-items-from-their-children,law.stackexchange.com,7
law,69,"Legal rights around ownership and retrieval of gifted property, especially between parents, minors, ex-partners, and friends.","['law_86474', 'law_15919']",https://www.quora.com/What-are-the-legal-options-for-parents-to-dispose-of-possessions-left-behind-by-an-adult-child-who-has-been-evicted-from-their-home,quora.com,2
law,69,"Legal rights around ownership and retrieval of gifted property, especially between parents, minors, ex-partners, and friends.","['law_58524', 'law_37674']",https://www.acquisition.gov/far/part-3,acquisition.gov,2
law,69,"Legal rights around ownership and retrieval of gifted property, especially between parents, minors, ex-partners, and friends.","['law_44657', 'law_37674']",https://www.reddit.com/r/todayilearned/comments/17p70xy/til_engagement_rings_are_considered_a_conditional,reddit.com,2
law,69,"Legal rights around ownership and retrieval of gifted property, especially between parents, minors, ex-partners, and friends.","['law_44657', 'law_37674']",https://www.law.cornell.edu/wex/contract,law.cornell.edu,2
law,69,"Legal rights around ownership and retrieval of gifted property, especially between parents, minors, ex-partners, and friends.","['law_35488', 'law_26458']",https://aperian.com/blog/guide-to-gift-giving-around-the-world,aperian.com,2
law,69,"Legal rights around ownership and retrieval of gifted property, especially between parents, minors, ex-partners, and friends.","['law_35488', 'law_24391', 'law_26458']",https://www.netexpat.com/gift-giving-in-business-bridging-cultural-expectations-and-compliance,netexpat.com,3
law,69,"Legal rights around ownership and retrieval of gifted property, especially between parents, minors, ex-partners, and friends.","['law_58524', 'law_35488', 'law_95145']",https://www.justice.gc.ca/eng/rp-pr/csj-sjc/harmonization/siroi/gift3-don.html,justice.gc.ca,3
law,69,"Legal rights around ownership and retrieval of gifted property, especially between parents, minors, ex-partners, and friends.","['law_35488', 'law_26458']",https://www.reddit.com/r/AskAnthropology/comments/zmrce0/is_gift_giving_viewed_positively_across_all,reddit.com,2
law,69,"Legal rights around ownership and retrieval of gifted property, especially between parents, minors, ex-partners, and friends.","['law_58524', 'law_35488']",https://www.canada.ca/en/revenue-agency/services/charities-giving/charities/operating-a-registered-charity/receiving-gifts/what-a-gift.html,canada.ca,2
law,69,"Legal rights around ownership and retrieval of gifted property, especially between parents, minors, ex-partners, and friends.","['law_35488', 'law_44657', 'law_24391', 'law_95145']",https://www.reddit.com/r/legaladvicecanada/comments/1dpf5vh/falling_out_with_friend_they_are_demanding_gift,reddit.com,4
law,69,"Legal rights around ownership and retrieval of gifted property, especially between parents, minors, ex-partners, and friends.","['law_65051', 'law_55317', 'law_97536', 'law_25881', 'law_109998', 'law_91380', 'law_76587', 'law_105618', 'law_24455']",https://law.stackexchange.com/questions/24455/in-the-usa-do-parents-have-the-right-to-control-their-childrens-possessions,law.stackexchange.com,9
law,69,"Legal rights around ownership and retrieval of gifted property, especially between parents, minors, ex-partners, and friends.","['law_105618', 'law_24455', 'law_91380', 'law_55317']",https://statutes.capitol.texas.gov/GetStatute.aspx?Code=FA&Value=153,statutes.capitol.texas.gov,4
law,69,"Legal rights around ownership and retrieval of gifted property, especially between parents, minors, ex-partners, and friends.","['law_109998', 'law_24455']",https://www.scstatehouse.gov/code/t63c005.php,scstatehouse.gov,2
law,69,"Legal rights around ownership and retrieval of gifted property, especially between parents, minors, ex-partners, and friends.","['law_109998', 'law_24455']",https://law.lis.virginia.gov/vacodefull/title64.2/subtitleIV/partC,law.lis.virginia.gov,2
law,69,"Legal rights around ownership and retrieval of gifted property, especially between parents, minors, ex-partners, and friends.","['law_24391', 'law_95145']",https://www.leg.state.fl.us/Statutes/index.cfm?App_mode=Display_Statute&URL=0700-0799/0765/0765.html,leg.state.fl.us,2
law,69,"Legal rights around ownership and retrieval of gifted property, especially between parents, minors, ex-partners, and friends.","['law_96288', 'law_24391', 'law_95145']",https://www.reddit.com/r/NoStupidQuestions/comments/11u1xql/am_i_legally_required_to_give_someone_back_a_gift,reddit.com,3
law,69,"Legal rights around ownership and retrieval of gifted property, especially between parents, minors, ex-partners, and friends.","['law_24391', 'law_26458']",https://law.stackexchange.com/questions/24391/can-you-take-back-a-gift,law.stackexchange.com,2
law,69,"Legal rights around ownership and retrieval of gifted property, especially between parents, minors, ex-partners, and friends.","['law_25881', 'law_96310']",https://boe.ca.gov/pdf/pub800-1.pdf,boe.ca.gov,2
law,69,"Legal rights around ownership and retrieval of gifted property, especially between parents, minors, ex-partners, and friends.","['law_25881', 'law_88433']",https://ofac.treasury.gov/faqs/all-faqs,ofac.treasury.gov,2
law,69,"Legal rights around ownership and retrieval of gifted property, especially between parents, minors, ex-partners, and friends.","['law_97536', 'law_25881', 'law_91380']",https://www.reddit.com/r/legaladviceofftopic/comments/1bth1hl/does_a_minor_have_a_right_to_their_wages_in_the_us,reddit.com,3
law,69,"Legal rights around ownership and retrieval of gifted property, especially between parents, minors, ex-partners, and friends.","['law_25881', 'law_55317']",https://www.ncjfcj.org/bench-cards/a-judicial-guide-to-child-safety-in-custody-cases,ncjfcj.org,2
law,69,"Legal rights around ownership and retrieval of gifted property, especially between parents, minors, ex-partners, and friends.","['law_65051', 'law_25881', 'law_76587']",https://pmc.ncbi.nlm.nih.gov/articles/PMC8940605,pmc.ncbi.nlm.nih.gov,3
law,69,"Legal rights around ownership and retrieval of gifted property, especially between parents, minors, ex-partners, and friends.","['law_77977', 'law_26458']",https://www.reddit.com/r/BreakUps/comments/1d4xt4j/how_do_i_recover_from_love_bombing,reddit.com,2
law,69,"Legal rights around ownership and retrieval of gifted property, especially between parents, minors, ex-partners, and friends.","['law_77977', 'law_26458']",https://www.reddit.com/r/legaladvice/comments/4ixxqd/ex_boyfriend_wants_me_to_return_gifts_after,reddit.com,2
law,69,"Legal rights around ownership and retrieval of gifted property, especially between parents, minors, ex-partners, and friends.","['law_77977', 'law_88433', 'law_26458']",https://www.reddit.com/r/BreakUps/comments/1bwa2ls/do_you_give_back_the_gifts_that_you_got_from_you,reddit.com,3
law,69,"Legal rights around ownership and retrieval of gifted property, especially between parents, minors, ex-partners, and friends.","['law_26458', 'law_96288']",https://law.stackexchange.com/questions/96288/can-my-mom-take-back-a-gift-after-i-move-out,law.stackexchange.com,2
law,69,"Legal rights around ownership and retrieval of gifted property, especially between parents, minors, ex-partners, and friends.","['law_65051', 'law_55317']",https://secure.ssa.gov/apps10/poms.nsf/lnx/1507215041,secure.ssa.gov,2
law,69,"Legal rights around ownership and retrieval of gifted property, especially between parents, minors, ex-partners, and friends.","['law_65051', 'law_76587']",https://www.avvo.com/legal-answers/can-my-parents-take-away-things-i-bought--3300421.html,avvo.com,2
law,69,"Legal rights around ownership and retrieval of gifted property, especially between parents, minors, ex-partners, and friends.","['law_65051', 'law_55317']",https://www.legis.state.pa.us/wu01/li/li/ct/htm/20/20.htm,legis.state.pa.us,2
law,69,"Legal rights around ownership and retrieval of gifted property, especially between parents, minors, ex-partners, and friends.","['law_65051', 'law_76587']",https://www.unicef.org/child-rights-convention/convention-text-childrens-version,unicef.org,2
law,69,"Legal rights around ownership and retrieval of gifted property, especially between parents, minors, ex-partners, and friends.","['law_97536', 'law_55317']",https://codes.ohio.gov/ohio-revised-code/chapter-3109,codes.ohio.gov,2
law,69,"Legal rights around ownership and retrieval of gifted property, especially between parents, minors, ex-partners, and friends.","['law_88433', 'law_55317']",https://www.peoples-law.org/marital-and-non-marital-property-maryland,peoples-law.org,2
law,69,"Legal rights around ownership and retrieval of gifted property, especially between parents, minors, ex-partners, and friends.","['law_96288', 'law_96310']",https://law.stackexchange.com/questions/96310/if-your-parents-give-you-something-as-a-gift-or-to-make-you-happy-can-they-lega,law.stackexchange.com,2
law,69,"Legal rights around ownership and retrieval of gifted property, especially between parents, minors, ex-partners, and friends.","['law_96288', 'law_109998', 'law_96310']",https://www.reddit.com/r/legaladvice/comments/3oi3qo/can_a_parent_take_back_a_gift_given_to_their,reddit.com,3
law,69,"Legal rights around ownership and retrieval of gifted property, especially between parents, minors, ex-partners, and friends.","['law_96288', 'law_109998', 'law_96310']",https://www.quora.com/If-a-parent-gifts-their-child-something-do-they-have-the-right-to-take-it-back-or-away,quora.com,3
law,69,"Legal rights around ownership and retrieval of gifted property, especially between parents, minors, ex-partners, and friends.","['law_96288', 'law_96310']",https://answers.justia.com/question/2024/04/02/do-my-parents-have-legal-right-to-my-chi-1008731,answers.justia.com,2
law,69,"Legal rights around ownership and retrieval of gifted property, especially between parents, minors, ex-partners, and friends.","['law_96288', 'law_88433', 'law_95145']",https://www.legalmatch.com/law-library/article/elements-of-proof-for-a-gift.html,legalmatch.com,3
law,69,"Legal rights around ownership and retrieval of gifted property, especially between parents, minors, ex-partners, and friends.","['law_76587', 'law_86474']",https://www.quora.com/What-legal-rights-do-parents-have-regarding-adult-childrens-belongings-left-at-home,quora.com,2
law,69,"Legal rights around ownership and retrieval of gifted property, especially between parents, minors, ex-partners, and friends.","['law_105618', 'law_97536', 'law_76587']",https://www.findlaw.com/legalblogs/law-and-life/do-parents-own-their-childrens-property,findlaw.com,3
law,69,"Legal rights around ownership and retrieval of gifted property, especially between parents, minors, ex-partners, and friends.","['law_77977', 'law_88433']",https://www.quora.com/Can-my-ex-boyfriend-legally-take-back-a-gift-he-gave-me-during-our-relationship,quora.com,2
law,69,"Legal rights around ownership and retrieval of gifted property, especially between parents, minors, ex-partners, and friends.","['law_105618', 'law_91380']",https://guides.sll.texas.gov/legal-forms/children-family-law,guides.sll.texas.gov,2
law,69,"Legal rights around ownership and retrieval of gifted property, especially between parents, minors, ex-partners, and friends.","['law_105618', 'law_91380']",https://texaslawhelp.org/article/pets-in-family-law-cases,texaslawhelp.org,2
money,85,"Dealing with small medical debts in collections, their impact on credit reports, and negotiating payment or removal.","['money_5782', 'money_87366']",https://www.experian.com/blogs/ask-experian/credit-education/report-basics/how-and-when-collections-are-removed-from-a-credit-report,experian.com,2
money,85,"Dealing with small medical debts in collections, their impact on credit reports, and negotiating payment or removal.","['money_5782', 'money_79600']",https://www.reddit.com/r/CRedit/comments/xoldw4/what_are_the_insider_secrets_getting_collections,reddit.com,2
money,85,"Dealing with small medical debts in collections, their impact on credit reports, and negotiating payment or removal.","['money_5782', 'money_127768', 'money_106652', 'money_35283']",https://www.myfico.com/credit-education/faq/negative-reasons/collections-affect-credit,myfico.com,4
money,85,"Dealing with small medical debts in collections, their impact on credit reports, and negotiating payment or removal.","['money_5782', 'money_127768', 'money_87366']",https://www.bankrate.com/personal-finance/credit/how-to-rid-credit-report-of-old-debt,bankrate.com,3
money,85,"Dealing with small medical debts in collections, their impact on credit reports, and negotiating payment or removal.","['money_70087', 'money_79600', 'money_35283', 'money_26897', 'money_5782', 'money_110057', 'money_106652', 'money_66705']",https://www.reddit.com/r/CRedit/comments/nqlj6u/how_to_deal_with_collections_complete_guide,reddit.com,8
money,85,"Dealing with small medical debts in collections, their impact on credit reports, and negotiating payment or removal.","['money_70087', 'money_79600', 'money_5782', 'money_110057', 'money_127768']",https://www.reddit.com/r/CRedit/comments/1i2331y/how_low_can_negotiations_go_with_collections,reddit.com,5
money,85,"Dealing with small medical debts in collections, their impact on credit reports, and negotiating payment or removal.","['money_124960', 'money_5782', 'money_127768']",https://www.reddit.com/r/CRedit/comments/1dirxil/removing_a_collections,reddit.com,3
money,85,"Dealing with small medical debts in collections, their impact on credit reports, and negotiating payment or removal.","['money_70087', 'money_79600', 'money_5782', 'money_110057', 'money_127768']",https://www.consumerfinance.gov/ask-cfpb/how-do-i-negotiate-a-settlement-with-a-debt-collector-en-1447,consumerfinance.gov,5
money,85,"Dealing with small medical debts in collections, their impact on credit reports, and negotiating payment or removal.","['money_35283', 'money_5782', 'money_89353', 'money_106652', 'money_127768']",https://www.reddit.com/r/personalfinance/comments/p3rxtm/how_much_will_a_400_collections_bill_affect_my,reddit.com,5
money,85,"Dealing with small medical debts in collections, their impact on credit reports, and negotiating payment or removal.","['money_150370', 'money_36152', 'money_124960', 'money_113135', 'money_14386', 'money_103510', 'money_89353']",https://www.consumerfinance.gov/about-us/newsroom/cfpb-finalizes-rule-to-remove-medical-bills-from-credit-reports,consumerfinance.gov,7
money,85,"Dealing with small medical debts in collections, their impact on credit reports, and negotiating payment or removal.","['money_103510', 'money_150370', 'money_110773', 'money_14386']",https://www.commonwealthfund.org/publications/explainer/2025/feb/federal-rule-on-medical-debt,commonwealthfund.org,4
money,85,"Dealing with small medical debts in collections, their impact on credit reports, and negotiating payment or removal.","['money_124960', 'money_13465']",https://rapalegal.com/resources/blog/how-to-legally-remove-collections-from-your-credit-report-after-paying-off-debt,rapalegal.com,2
money,85,"Dealing with small medical debts in collections, their impact on credit reports, and negotiating payment or removal.","['money_60630', 'money_79600', 'money_35283', 'money_13465', 'money_106652', 'money_127768']",https://www.reddit.com/r/CRedit/comments/yq076w/settling_a_debt_in_collections_vs_paying_in_full,reddit.com,6
money,85,"Dealing with small medical debts in collections, their impact on credit reports, and negotiating payment or removal.","['money_106652', 'money_113135', 'money_13465']",https://files.consumerfinance.gov/f/201405_cfpb_report_data-point_medical-debt-credit-scores.pdf,files.consumerfinance.gov,3
money,85,"Dealing with small medical debts in collections, their impact on credit reports, and negotiating payment or removal.","['money_60630', 'money_106652', 'money_13465', 'money_35283']",https://www.reddit.com/r/CreditScore/comments/1dae4tz/can_i_recover_from_a_collections_debt,reddit.com,4
money,85,"Dealing with small medical debts in collections, their impact on credit reports, and negotiating payment or removal.","['money_8490', 'money_113135', 'money_70087', 'money_13465']",https://www.reddit.com/r/CreditScore/comments/190lcfy/does_paying_off_collections_raise_your_score,reddit.com,4
money,85,"Dealing with small medical debts in collections, their impact on credit reports, and negotiating payment or removal.","['money_60630', 'money_106652', 'money_13465', 'money_35283']",https://www.reddit.com/r/personalfinance/comments/15gpjac/how_to_rebuild_my_credit_after_ruining_it_when_i,reddit.com,4
money,85,"Dealing with small medical debts in collections, their impact on credit reports, and negotiating payment or removal.","['money_8490', 'money_70087', 'money_113135', 'money_35283', 'money_106652', 'money_13465']",https://www.reddit.com/r/CRedit/comments/1h042bv/credit_myth_41_if_you_pay_off_a_collection_your,reddit.com,6
money,85,"Dealing with small medical debts in collections, their impact on credit reports, and negotiating payment or removal.","['money_113135', 'money_13465']",https://www.consumerfinance.gov/about-us/newsroom/cfpb-study-finds-medical-debt-overly-penalizes-consumer-credit-scores,consumerfinance.gov,2
money,85,"Dealing with small medical debts in collections, their impact on credit reports, and negotiating payment or removal.","['money_8490', 'money_60630', 'money_70087', 'money_113135', 'money_35283', 'money_13465', 'money_106652']",https://www.experian.com/blogs/ask-experian/can-paying-off-collections-raise-your-credit-score,experian.com,7
money,85,"Dealing with small medical debts in collections, their impact on credit reports, and negotiating payment or removal.","['money_8490', 'money_113135']",https://www.reddit.com/r/CreditScore/comments/1c4c4b1/credit_score_mine_went_down_when_i_paid_off_my,reddit.com,2
money,85,"Dealing with small medical debts in collections, their impact on credit reports, and negotiating payment or removal.","['money_46525', 'money_33596']",https://www.dfs.ny.gov/consumers/health_insurance/surprise_medical_bills,dfs.ny.gov,2
money,85,"Dealing with small medical debts in collections, their impact on credit reports, and negotiating payment or removal.","['money_36152', 'money_86196', 'money_33596', 'money_84165']",https://www.cms.gov/medical-bill-rights/help/dispute-a-bill,cms.gov,4
money,85,"Dealing with small medical debts in collections, their impact on credit reports, and negotiating payment or removal.","['money_33596', 'money_84165']",https://www.advocatehealth.com/contact-us,advocatehealth.com,2
money,85,"Dealing with small medical debts in collections, their impact on credit reports, and negotiating payment or removal.","['money_86196', 'money_33596']",https://www.reddit.com/r/povertyfinance/comments/x7vh28/and_this_is_why_i_dispute_my_medical_collections,reddit.com,2
money,85,"Dealing with small medical debts in collections, their impact on credit reports, and negotiating payment or removal.","['money_33596', 'money_84165']",https://gnanow.org,gnanow.org,2
money,85,"Dealing with small medical debts in collections, their impact on credit reports, and negotiating payment or removal.","['money_33596', 'money_84165']",https://www.arthritis.org/health-wellness/treatment/insurance-management/toolkit/common-medical-billing-errors,arthritis.org,2
money,85,"Dealing with small medical debts in collections, their impact on credit reports, and negotiating payment or removal.","['money_33596', 'money_84165']",https://www.cms.gov/medical-bill-rights/help/guides/bill-errors,cms.gov,2
money,85,"Dealing with small medical debts in collections, their impact on credit reports, and negotiating payment or removal.","['money_86196', 'money_33596', 'money_84165']",https://www.reddit.com/r/HealthInsurance/comments/1heu6qf/medical_bills_and_collections_is_it_true_they_can,reddit.com,3
money,85,"Dealing with small medical debts in collections, their impact on credit reports, and negotiating payment or removal.","['money_110773', 'money_124960', 'money_86196', 'money_26897', 'money_103510', 'money_84165', 'money_46525', 'money_33596']",https://www.consumerfinance.gov/about-us/blog/know-your-rights-and-protections-when-it-comes-to-medical-bills-and-collections,consumerfinance.gov,8
money,85,"Dealing with small medical debts in collections, their impact on credit reports, and negotiating payment or removal.","['money_110773', 'money_26897']",https://www.reddit.com/r/personalfinance/comments/wkk7pl/letting_medical_bills_go_to_collections,reddit.com,2
money,85,"Dealing with small medical debts in collections, their impact on credit reports, and negotiating payment or removal.","['money_86196', 'money_26897', 'money_103510', 'money_46525', 'money_110773']",https://www.reddit.com/r/personalfinance/comments/13tc5p2/what_happens_if_i_let_a_medical_bill_get_sent_to,reddit.com,5
money,85,"Dealing with small medical debts in collections, their impact on credit reports, and negotiating payment or removal.","['money_89353', 'money_110057', 'money_26897']",https://www.consumerfinance.gov/ask-cfpb/what-laws-limit-what-debt-collectors-can-say-or-do-en-329,consumerfinance.gov,3
money,85,"Dealing with small medical debts in collections, their impact on credit reports, and negotiating payment or removal.","['money_89353', 'money_110057', 'money_26897']",https://consumer.ftc.gov/articles/debt-collection-faqs,consumer.ftc.gov,3
money,85,"Dealing with small medical debts in collections, their impact on credit reports, and negotiating payment or removal.","['money_127768', 'money_66705', 'money_87366', 'money_26897']",https://www.reddit.com/r/CRedit/comments/qtytqw/credit_attorney_tip_when_you_dispute_a,reddit.com,4
money,85,"Dealing with small medical debts in collections, their impact on credit reports, and negotiating payment or removal.","['money_26897', 'money_103510', 'money_89353', 'money_84165', 'money_46525']",https://guides.sll.texas.gov/debt-collection/medical-debt,guides.sll.texas.gov,5
money,85,"Dealing with small medical debts in collections, their impact on credit reports, and negotiating payment or removal.","['money_150370', 'money_26897', 'money_89353', 'money_110057', 'money_66705']",https://www.ftc.gov/legal-library/browse/rules/fair-debt-collection-practices-act-text,ftc.gov,5
money,85,"Dealing with small medical debts in collections, their impact on credit reports, and negotiating payment or removal.","['money_60630', 'money_127768', 'money_66705', 'money_87366']",https://consumer.ftc.gov/articles/disputing-errors-your-credit-reports,consumer.ftc.gov,4
money,85,"Dealing with small medical debts in collections, their impact on credit reports, and negotiating payment or removal.","['money_60630', 'money_70087']",https://www.reddit.com/r/CRedit/comments/15kdf3o/seeking_advice_rebuilding_credit_from_480_to_700,reddit.com,2
money,85,"Dealing with small medical debts in collections, their impact on credit reports, and negotiating payment or removal.","['money_60630', 'money_89353', 'money_87366']",https://www.reddit.com/r/CRedit/comments/1bm8kh8/how_long_does_my_credit_score_recover_after_a,reddit.com,3
money,85,"Dealing with small medical debts in collections, their impact on credit reports, and negotiating payment or removal.","['money_60630', 'money_89353']",https://oag.ca.gov/consumers/general/debt-collectors,oag.ca.gov,2
money,85,"Dealing with small medical debts in collections, their impact on credit reports, and negotiating payment or removal.","['money_60630', 'money_66705', 'money_87366']",https://www.consumerfinance.gov/ask-cfpb/how-do-i-dispute-an-error-on-my-credit-report-en-314,consumerfinance.gov,3
money,85,"Dealing with small medical debts in collections, their impact on credit reports, and negotiating payment or removal.","['money_79600', 'money_127768', 'money_70087', 'money_110057']",https://www.reddit.com/r/Debt/comments/1ehiwz0/can_anyone_share_tips_on_how_to_negotiate_with,reddit.com,4
money,85,"Dealing with small medical debts in collections, their impact on credit reports, and negotiating payment or removal.","['money_70087', 'money_110057']",https://www.reddit.com/r/Debt/comments/u80bxy/tips_for_when_youre_put_into_debt_collection_from,reddit.com,2
money,85,"Dealing with small medical debts in collections, their impact on credit reports, and negotiating payment or removal.","['money_89353', 'money_127768', 'money_106652', 'money_35283']",https://www.consumerfinance.gov/ask-cfpb/when-can-a-debt-collector-report-to-a-credit-reporting-agency-en-2111,consumerfinance.gov,4
money,85,"Dealing with small medical debts in collections, their impact on credit reports, and negotiating payment or removal.","['money_36152', 'money_84165']",https://www.patientrightsadvocate.org/how-to-fight-medical-bill-overcharges,patientrightsadvocate.org,2
money,85,"Dealing with small medical debts in collections, their impact on credit reports, and negotiating payment or removal.","['money_36152', 'money_150370']",https://www.healthsystemtracker.org/brief/the-burden-of-medical-debt-in-the-united-states,healthsystemtracker.org,2
money,85,"Dealing with small medical debts in collections, their impact on credit reports, and negotiating payment or removal.","['money_36152', 'money_124960', 'money_46525', 'money_110773']",https://dfpi.ca.gov/news/insights/medical-debt-collection-know-your-rights,dfpi.ca.gov,4
money,85,"Dealing with small medical debts in collections, their impact on credit reports, and negotiating payment or removal.","['money_36152', 'money_124960']",https://www.vermonttreasurer.gov/medical-debt-relief-program,vermonttreasurer.gov,2
money,85,"Dealing with small medical debts in collections, their impact on credit reports, and negotiating payment or removal.","['money_124960', 'money_66705']",https://www.thefaircapital.com/post/pay-for-deletion-in-debt-collection,thefaircapital.com,2
money,85,"Dealing with small medical debts in collections, their impact on credit reports, and negotiating payment or removal.","['money_66705', 'money_110057']",https://www.stepchange.org/debt-info/debt-collection/debt-passed-to-a-collection-agency.aspx,stepchange.org,2
money,85,"Dealing with small medical debts in collections, their impact on credit reports, and negotiating payment or removal.","['money_124960', 'money_86196', 'money_46525']",https://www.consumerfinance.gov/about-us/newsroom/consumer-advisory-pause-and-review-your-rights-when-you-hear-from-a-medical-debt-collector,consumerfinance.gov,3
money,85,"Dealing with small medical debts in collections, their impact on credit reports, and negotiating payment or removal.","['money_46525', 'money_150370']",https://www.commonwealthfund.org/publications/fund-reports/2025/jul/state-protections-against-medical-debt-look-policies-across-us,commonwealthfund.org,2
money,85,"Dealing with small medical debts in collections, their impact on credit reports, and negotiating payment or removal.","['money_127768', 'money_110057']",https://www.incharge.org/debt-relief/credit-counseling/bad-credit/negotiating-with-debt-collectors,incharge.org,2
money,85,"Dealing with small medical debts in collections, their impact on credit reports, and negotiating payment or removal.","['money_127768', 'money_87366']",https://www.reddit.com/r/CRedit/comments/1fuzgny/has_anyone_ever_successfully_used_dispute_letters,reddit.com,2
money,85,"Dealing with small medical debts in collections, their impact on credit reports, and negotiating payment or removal.","['money_124960', 'money_127768']",https://www.reddit.com/r/CRedit/comments/1braurc/can_i_get_a_collection_removed_from_my_credit,reddit.com,2
money,85,"Dealing with small medical debts in collections, their impact on credit reports, and negotiating payment or removal.","['money_113135', 'money_106652']",https://www.experian.com/blogs/ask-experian/the-difference-between-vantage-scores-and-fico-scores,experian.com,2
money,85,"Dealing with small medical debts in collections, their impact on credit reports, and negotiating payment or removal.","['money_124960', 'money_110773']",https://www.congress.gov/bill/118th-congress/house-bill/1773,congress.gov,2
money,85,"Dealing with small medical debts in collections, their impact on credit reports, and negotiating payment or removal.","['money_103510', 'money_113135']",https://files.consumerfinance.gov/f/201412_cfpb_reports_consumer-credit-medical-and-non-medical-collections.pdf,files.consumerfinance.gov,2
money,110,Strategies for using 0% APR balance transfer credit cards to minimize or avoid interest on existing debts.,"['money_66178', 'money_18519', 'money_50171', 'money_80245', 'money_130068']",https://www.reddit.com/r/personalfinance/comments/1ehnfkn/how_do_they_profit_from_0_intro_apr_credit_cards,reddit.com,5
money,110,Strategies for using 0% APR balance transfer credit cards to minimize or avoid interest on existing debts.,"['money_18519', 'money_33880']",https://www.reddit.com/r/personalfinance/comments/17ngruc/is_it_smart_to_keep_0_interest_debt_to_maximize,reddit.com,2
money,110,Strategies for using 0% APR balance transfer credit cards to minimize or avoid interest on existing debts.,"['money_66178', 'money_3921', 'money_18519', 'money_5514', 'money_132765', 'money_67840', 'money_80245', 'money_125174', 'money_33880', 'money_130068', 'money_74428', 'money_45771']",https://www.bairdwealth.com/insights/wealth-management-perspectives/2022/08/5-strategies-for-paying-off-credit-card-debt,bairdwealth.com,12
money,110,Strategies for using 0% APR balance transfer credit cards to minimize or avoid interest on existing debts.,"['money_3921', 'money_45771']",https://www.reddit.com/r/FinancialPlanning/comments/1cm16un/what_are_your_experiences_on_debt_snowball_vs,reddit.com,2
money,110,Strategies for using 0% APR balance transfer credit cards to minimize or avoid interest on existing debts.,"['money_74428', 'money_3921']",https://www.wellsfargo.com/goals-credit/smarter-credit/manage-your-debt/snowball-vs-avalanche-paydown,wellsfargo.com,2
money,110,Strategies for using 0% APR balance transfer credit cards to minimize or avoid interest on existing debts.,"['money_74428', 'money_3921']",https://www.voya.com/individuals/learn/strategies-to-help-pay-off-your-credit-card-debt,voya.com,2
money,110,Strategies for using 0% APR balance transfer credit cards to minimize or avoid interest on existing debts.,"['money_3921', 'money_45771']",https://www.reddit.com/r/DaveRamsey/comments/1avv4wo/debt_snowball_vs_debt_avalanche,reddit.com,2
money,110,Strategies for using 0% APR balance transfer credit cards to minimize or avoid interest on existing debts.,"['money_3921', 'money_45771']",https://www.reddit.com/r/personalfinance/comments/1iqsb6w/how_do_you_pay_off_credit_card_debt_efficiently,reddit.com,2
money,110,Strategies for using 0% APR balance transfer credit cards to minimize or avoid interest on existing debts.,"['money_5514', 'money_15087']",https://www.princegeorgescfcu.org/blog/pgcfcu-blog/2020/01/16/avoid-these-credit-card-balance-transfer-mistakes,princegeorgescfcu.org,2
money,110,Strategies for using 0% APR balance transfer credit cards to minimize or avoid interest on existing debts.,"['money_70615', 'money_15087']",https://www.reddit.com/r/UKPersonalFinance/comments/14qdnhr/new_to_credit_cards_why_cant_i_just_balance,reddit.com,2
money,110,Strategies for using 0% APR balance transfer credit cards to minimize or avoid interest on existing debts.,"['money_70615', 'money_26740', 'money_15087', 'money_71408']",https://www.experian.com/blogs/ask-experian/pros-cons-balance-transfer-credit-cards,experian.com,4
money,110,Strategies for using 0% APR balance transfer credit cards to minimize or avoid interest on existing debts.,"['money_26740', 'money_15087', 'money_71408', 'money_80245']",https://www.reddit.com/r/personalfinance/comments/188rsw7/has_anyone_here_used_a_balance_transfer_credit,reddit.com,4
money,110,Strategies for using 0% APR balance transfer credit cards to minimize or avoid interest on existing debts.,"['money_5514', 'money_15087']",https://www.breadfinancial.com/en/financial-education/understanding-credit/balance-transfers-to-pay-off-credit-card-debt.html,breadfinancial.com,2
money,110,Strategies for using 0% APR balance transfer credit cards to minimize or avoid interest on existing debts.,"['money_5514', 'money_15087']",https://www.alliantcreditunion.org/money-mentor/credit-card-balance-transfers-a-smart-debt-management-strategy,alliantcreditunion.org,2
money,110,Strategies for using 0% APR balance transfer credit cards to minimize or avoid interest on existing debts.,"['money_26740', 'money_15087']",https://www.reddit.com/r/CreditCards/comments/1ldg952/what_are_the_best_credit_cards_to_transfer_all,reddit.com,2
money,110,Strategies for using 0% APR balance transfer credit cards to minimize or avoid interest on existing debts.,"['money_70615', 'money_26740', 'money_15087', 'money_71408']",https://www.reddit.com/r/debtfree/comments/1mlt17c/proscons_of_balance_transfer_cc,reddit.com,4
money,110,Strategies for using 0% APR balance transfer credit cards to minimize or avoid interest on existing debts.,"['money_5514', 'money_26740']",https://www.macu.com/must-reads/credit-cards/8-smart-ways-to-maximize-a-balance-transfer-fined,macu.com,2
money,110,Strategies for using 0% APR balance transfer credit cards to minimize or avoid interest on existing debts.,"['money_14168', 'money_106199', 'money_132765', 'money_67840', 'money_80245', 'money_26740', 'money_71408', 'money_33880', 'money_130068', 'money_63580']",https://www.reddit.com/r/personalfinance/comments/12jx4ut/is_jumping_from_one_0_apr_credit_card_to_another,reddit.com,10
money,110,Strategies for using 0% APR balance transfer credit cards to minimize or avoid interest on existing debts.,"['money_71442', 'money_67840', 'money_70615', 'money_26740', 'money_71408']",https://www.reddit.com/r/CreditCards/comments/1as2t7g/can_someone_explain_balance_transfer_credit_cards,reddit.com,5
money,110,Strategies for using 0% APR balance transfer credit cards to minimize or avoid interest on existing debts.,"['money_132765', 'money_26740', 'money_130068']",https://www.consumerfinance.gov/about-us/blog/how-understand-special-promotional-financing-offers-credit-cards,consumerfinance.gov,3
money,110,Strategies for using 0% APR balance transfer credit cards to minimize or avoid interest on existing debts.,"['money_66178', 'money_5514', 'money_63580']",https://www.reddit.com/r/personalfinance/comments/1ad5hru/how_to_avoid_credit_card_fees_for_purchases_in_a,reddit.com,3
money,110,Strategies for using 0% APR balance transfer credit cards to minimize or avoid interest on existing debts.,"['money_132765', 'money_5514', 'money_71442', 'money_130068']",https://www.reddit.com/r/personalfinance/comments/1h7celj/should_i_max_out_my_0_apr_credit_card_with_a,reddit.com,4
money,110,Strategies for using 0% APR balance transfer credit cards to minimize or avoid interest on existing debts.,"['money_66178', 'money_5514', 'money_71442', 'money_71408']",https://www.reddit.com/r/CreditCards/comments/w2wvio/could_you_conceivably_keep_doing_balance,reddit.com,4
money,110,Strategies for using 0% APR balance transfer credit cards to minimize or avoid interest on existing debts.,"['money_70807', 'money_7568']",https://www.reddit.com/r/personalfinance/comments/16gvjba/should_i_empty_savings_to_pay_off_debt,reddit.com,2
money,110,Strategies for using 0% APR balance transfer credit cards to minimize or avoid interest on existing debts.,"['money_70807', 'money_7568']",https://www.reddit.com/r/personalfinance/comments/1kx6aae/should_i_just_wipe_my_credit_card_debt_with,reddit.com,2
money,110,Strategies for using 0% APR balance transfer credit cards to minimize or avoid interest on existing debts.,"['money_70807', 'money_7568']",https://www.mutualofomaha.com/advice/financial-planning/managing-debt/paying-off-debt-vs-saving-what-to-choose,mutualofomaha.com,2
money,110,Strategies for using 0% APR balance transfer credit cards to minimize or avoid interest on existing debts.,"['money_33880', 'money_130068', 'money_14168', 'money_80245']",https://www.reddit.com/r/personalfinance/comments/1fb94m1/my_bank_sent_me_an_offer_to_transfer_my_credit,reddit.com,4
money,110,Strategies for using 0% APR balance transfer credit cards to minimize or avoid interest on existing debts.,"['money_63580', 'money_14168', 'money_80245']",https://www.reddit.com/r/personalfinance/comments/10hq8il/balance_transfer_0_intro_apr_looking_for_guidance,reddit.com,3
money,110,Strategies for using 0% APR balance transfer credit cards to minimize or avoid interest on existing debts.,"['money_119906', 'money_50171']",https://www.navyfederal.org/makingcents/credit-debt/how-to-leverage-0apr-credit-cards.html,navyfederal.org,2
money,110,Strategies for using 0% APR balance transfer credit cards to minimize or avoid interest on existing debts.,"['money_119906', 'money_50171']",https://www.reddit.com/r/personalfinance/comments/7bub2k/pay_off_student_loans_with_0_apr_credit_card,reddit.com,2
money,110,Strategies for using 0% APR balance transfer credit cards to minimize or avoid interest on existing debts.,"['money_119906', 'money_50171']",https://money.stackexchange.com/questions/119906/debt-management-0-cc-apr-for-15-months-vs-7-student-loan-debt,money.stackexchange.com,2
money,110,Strategies for using 0% APR balance transfer credit cards to minimize or avoid interest on existing debts.,"['money_50171', 'money_130068']",https://www.cnbc.com/select/how-do-0-apr-credit-cards-work,cnbc.com,2
money,110,Strategies for using 0% APR balance transfer credit cards to minimize or avoid interest on existing debts.,"['money_119906', 'money_50171', 'money_80245']",https://www.reddit.com/r/StudentLoans/comments/1adbq5l/has_anyone_paid_down_their_loans_using_0_interest,reddit.com,3
money,110,Strategies for using 0% APR balance transfer credit cards to minimize or avoid interest on existing debts.,"['money_71408', 'money_50171']",https://www.reddit.com/r/FinancialPlanning/comments/146hiy7/using_student_loans_to_pay_off_a_credit_cardyes,reddit.com,2
money,110,Strategies for using 0% APR balance transfer credit cards to minimize or avoid interest on existing debts.,"['money_119906', 'money_70615', 'money_125174', 'money_70807', 'money_71408', 'money_33880']",https://www.reddit.com/r/personalfinance/comments/13kv9m9/is_using_a_small_personal_loan_to_pay_off_credit,reddit.com,6
money,110,Strategies for using 0% APR balance transfer credit cards to minimize or avoid interest on existing debts.,"['money_45771', 'money_33880']",https://www.reddit.com/r/personalfinance/comments/1gy7sms/is_it_better_to_pay_off_a_lower_interest_card,reddit.com,2
money,110,Strategies for using 0% APR balance transfer credit cards to minimize or avoid interest on existing debts.,"['money_132765', 'money_33880']",https://www.reddit.com/r/personalfinance/comments/1gnj5xz/while_paying_off_credit_card_debt_whats_the_best,reddit.com,2
money,110,Strategies for using 0% APR balance transfer credit cards to minimize or avoid interest on existing debts.,"['money_74428', 'money_45771', 'money_33880']",https://bettermoneyhabits.bankofamerica.com/en/debt/how-to-pay-off-credit-card-debt-fast,bettermoneyhabits.bankofamerica.com,3
money,110,Strategies for using 0% APR balance transfer credit cards to minimize or avoid interest on existing debts.,"['money_119906', 'money_80245']",https://www.ent.com/personal/loans/credit-cards,ent.com,2
money,110,Strategies for using 0% APR balance transfer credit cards to minimize or avoid interest on existing debts.,"['money_125174', 'money_80245']",https://www.reddit.com/r/UKPersonalFinance/comments/17o8nux/is_it_worth_it_to_pay_off_my_loan_with_credit,reddit.com,2
money,110,Strategies for using 0% APR balance transfer credit cards to minimize or avoid interest on existing debts.,"['money_130068', 'money_63580', 'money_80245']",https://www.bankofamerica.com/credit-cards/promo-rate-balance-transfers-credit-cards,bankofamerica.com,3
money,110,Strategies for using 0% APR balance transfer credit cards to minimize or avoid interest on existing debts.,"['money_125174', 'money_80245']",https://www.reddit.com/r/Debt/comments/1gvybyb/anyone_else_struggle_to_get_personal_loans_to_pay,reddit.com,2
money,110,Strategies for using 0% APR balance transfer credit cards to minimize or avoid interest on existing debts.,"['money_130068', 'money_63580', 'money_80245']",https://www.reddit.com/r/personalfinance/comments/1j3mkco/0_apr_credit_card_to_pay_off_3_credit_cards,reddit.com,3
money,110,Strategies for using 0% APR balance transfer credit cards to minimize or avoid interest on existing debts.,"['money_74428', 'money_45771']",https://www.fidelity.com/learning-center/personal-finance/avalanche-snowball-debt,fidelity.com,2
money,110,Strategies for using 0% APR balance transfer credit cards to minimize or avoid interest on existing debts.,"['money_70615', 'money_71442', 'money_67840']",https://www.investopedia.com/credit-cards/balance-transfer-credit-card,investopedia.com,3
money,110,Strategies for using 0% APR balance transfer credit cards to minimize or avoid interest on existing debts.,"['money_70615', 'money_105805', 'money_71408', 'money_67840']",https://www.reddit.com/r/UKPersonalFinance/comments/11zhke3/how_do_balance_transfer_credit_cards_work,reddit.com,4
money,110,Strategies for using 0% APR balance transfer credit cards to minimize or avoid interest on existing debts.,"['money_70615', 'money_71408']",https://www.gecreditunion.org/learn/education/resources/money-minutes/april-2022/top-3-balance-transfer-strategies-you-should-use,gecreditunion.org,2
money,110,Strategies for using 0% APR balance transfer credit cards to minimize or avoid interest on existing debts.,"['money_70615', 'money_63580', 'money_130068']",https://www.reddit.com/r/LifeProTips/comments/1akqqyw/lpt_dont_use_the_same_credit_card_for_both,reddit.com,3
money,110,Strategies for using 0% APR balance transfer credit cards to minimize or avoid interest on existing debts.,"['money_66178', 'money_71442', 'money_105805']",https://www.reddit.com/r/UKPersonalFinance/comments/1c7r9fy/please_explain_like_im_15_what_is_a_balance,reddit.com,3
money,110,Strategies for using 0% APR balance transfer credit cards to minimize or avoid interest on existing debts.,"['money_66178', 'money_71442', 'money_105805']",https://www.bankrate.com/credit-cards/balance-transfer/what-is-a-balance-transfer-fee,bankrate.com,3
money,110,Strategies for using 0% APR balance transfer credit cards to minimize or avoid interest on existing debts.,"['money_71442', 'money_106199']",https://money.stackexchange.com/questions/73033/can-i-use-a-balance-transfer-offer-to-pay-off-someone-elses-credit-card-debt,money.stackexchange.com,2
money,110,Strategies for using 0% APR balance transfer credit cards to minimize or avoid interest on existing debts.,"['money_66178', 'money_63580']",https://www.santanderbank.com/personal/resources/credit-card/how-credit-card-interest-works,santanderbank.com,2
money,110,Strategies for using 0% APR balance transfer credit cards to minimize or avoid interest on existing debts.,"['money_66178', 'money_63580']",https://www.reddit.com/r/discover/comments/1annncv/does_balance_transfer_have_back_interest_charges,reddit.com,2
money,110,Strategies for using 0% APR balance transfer credit cards to minimize or avoid interest on existing debts.,"['money_66178', 'money_63580']",https://www.reddit.com/r/personalfinance/comments/1dcaj7z/how_is_interest_calculated_on_a_balance_transfer,reddit.com,2
money,110,Strategies for using 0% APR balance transfer credit cards to minimize or avoid interest on existing debts.,"['money_66178', 'money_71408']",https://www.westerracu.com/news/articles/balance-transfer-card-a-tool-for-overcoming-debt,westerracu.com,2
