dataset,description,url,count
money,Strategies for using 0% APR balance transfer credit cards to minimize or avoid interest on existing debts.,https://www.reddit.com/r/personalfinance/comments/12jx4ut/is_jumping_from_one_0_apr_credit_card_to_another,10
law,"Legal rights around ownership and retrieval of gifted property, especially between parents, minors, ex-partners, and friends.",https://law.stackexchange.com/questions/24455/in-the-usa-do-parents-have-the-right-to-control-their-childrens-possessions,9
money,"Dealing with small medical debts in collections, their impact on credit reports, and negotiating payment or removal.",https://www.reddit.com/r/CRedit/comments/nqlj6u/how_to_deal_with_collections_complete_guide,8
law,"Legal rights around ownership and retrieval of gifted property, especially between parents, minors, ex-partners, and friends.",https://law.stackexchange.com/questions/76587/is-it-legal-for-a-parent-to-take-items-from-their-children,7
money,"Dealing with small medical debts in collections, their impact on credit reports, and negotiating payment or removal.",https://www.reddit.com/r/CRedit/comments/yq076w/settling_a_debt_in_collections_vs_paying_in_full,6
money,Strategies for using 0% APR balance transfer credit cards to minimize or avoid interest on existing debts.,https://www.reddit.com/r/personalfinance/comments/13kv9m9/is_using_a_small_personal_loan_to_pay_off_credit,6
money,"Dealing with small medical debts in collections, their impact on credit reports, and negotiating payment or removal.",https://www.reddit.com/r/CRedit/comments/1h042bv/credit_myth_41_if_you_pay_off_a_collection_your,6
money,Strategies for using 0% APR balance transfer credit cards to minimize or avoid interest on existing debts.,https://www.reddit.com/r/CreditCards/comments/1as2t7g/can_someone_explain_balance_transfer_credit_cards,5
money,"Dealing with small medical debts in collections, their impact on credit reports, and negotiating payment or removal.",https://www.reddit.com/r/personalfinance/comments/p3rxtm/how_much_will_a_400_collections_bill_affect_my,5
money,"Dealing with small medical debts in collections, their impact on credit reports, and negotiating payment or removal.",https://www.reddit.com/r/CRedit/comments/1i2331y/how_low_can_negotiations_go_with_collections,5
money,"Dealing with small medical debts in collections, their impact on credit reports, and negotiating payment or removal.",https://www.reddit.com/r/personalfinance/comments/13tc5p2/what_happens_if_i_let_a_medical_bill_get_sent_to,5
money,Strategies for using 0% APR balance transfer credit cards to minimize or avoid interest on existing debts.,https://www.reddit.com/r/personalfinance/comments/1ehnfkn/how_do_they_profit_from_0_intro_apr_credit_cards,5
money,"Dealing with small medical debts in collections, their impact on credit reports, and negotiating payment or removal.",https://www.reddit.com/r/personalfinance/comments/15gpjac/how_to_rebuild_my_credit_after_ruining_it_when_i,4
money,"Dealing with small medical debts in collections, their impact on credit reports, and negotiating payment or removal.",https://www.reddit.com/r/Debt/comments/1ehiwz0/can_anyone_share_tips_on_how_to_negotiate_with,4
money,Strategies for using 0% APR balance transfer credit cards to minimize or avoid interest on existing debts.,https://www.reddit.com/r/personalfinance/comments/188rsw7/has_anyone_here_used_a_balance_transfer_credit,4
money,Strategies for using 0% APR balance transfer credit cards to minimize or avoid interest on existing debts.,https://www.reddit.com/r/debtfree/comments/1mlt17c/proscons_of_balance_transfer_cc,4
money,"Dealing with small medical debts in collections, their impact on credit reports, and negotiating payment or removal.",https://www.reddit.com/r/CRedit/comments/qtytqw/credit_attorney_tip_when_you_dispute_a,4
money,"Dealing with small medical debts in collections, their impact on credit reports, and negotiating payment or removal.",https://www.reddit.com/r/CreditScore/comments/190lcfy/does_paying_off_collections_raise_your_score,4
money,Strategies for using 0% APR balance transfer credit cards to minimize or avoid interest on existing debts.,https://www.reddit.com/r/personalfinance/comments/1h7celj/should_i_max_out_my_0_apr_credit_card_with_a,4
money,Strategies for using 0% APR balance transfer credit cards to minimize or avoid interest on existing debts.,https://www.reddit.com/r/CreditCards/comments/w2wvio/could_you_conceivably_keep_doing_balance,4
law,"Legal rights around ownership and retrieval of gifted property, especially between parents, minors, ex-partners, and friends.",https://www.reddit.com/r/legaladvicecanada/comments/1dpf5vh/falling_out_with_friend_they_are_demanding_gift,4
money,Strategies for using 0% APR balance transfer credit cards to minimize or avoid interest on existing debts.,https://www.reddit.com/r/personalfinance/comments/1fb94m1/my_bank_sent_me_an_offer_to_transfer_my_credit,4
money,Strategies for using 0% APR balance transfer credit cards to minimize or avoid interest on existing debts.,https://www.reddit.com/r/UKPersonalFinance/comments/11zhke3/how_do_balance_transfer_credit_cards_work,4
money,"Dealing with small medical debts in collections, their impact on credit reports, and negotiating payment or removal.",https://www.reddit.com/r/CreditScore/comments/1dae4tz/can_i_recover_from_a_collections_debt,4
money,Strategies for using 0% APR balance transfer credit cards to minimize or avoid interest on existing debts.,https://www.reddit.com/r/personalfinance/comments/1ad5hru/how_to_avoid_credit_card_fees_for_purchases_in_a,3
money,"Dealing with small medical debts in collections, their impact on credit reports, and negotiating payment or removal.",https://www.reddit.com/r/CRedit/comments/1bm8kh8/how_long_does_my_credit_score_recover_after_a,3
money,"Dealing with small medical debts in collections, their impact on credit reports, and negotiating payment or removal.",https://www.reddit.com/r/HealthInsurance/comments/1heu6qf/medical_bills_and_collections_is_it_true_they_can,3
money,Strategies for using 0% APR balance transfer credit cards to minimize or avoid interest on existing debts.,https://www.reddit.com/r/personalfinance/comments/10hq8il/balance_transfer_0_intro_apr_looking_for_guidance,3
money,Strategies for using 0% APR balance transfer credit cards to minimize or avoid interest on existing debts.,https://www.reddit.com/r/StudentLoans/comments/1adbq5l/has_anyone_paid_down_their_loans_using_0_interest,3
money,Strategies for using 0% APR balance transfer credit cards to minimize or avoid interest on existing debts.,https://www.reddit.com/r/personalfinance/comments/1j3mkco/0_apr_credit_card_to_pay_off_3_credit_cards,3
money,Strategies for using 0% APR balance transfer credit cards to minimize or avoid interest on existing debts.,https://www.reddit.com/r/LifeProTips/comments/1akqqyw/lpt_dont_use_the_same_credit_card_for_both,3
money,Strategies for using 0% APR balance transfer credit cards to minimize or avoid interest on existing debts.,https://www.reddit.com/r/UKPersonalFinance/comments/1c7r9fy/please_explain_like_im_15_what_is_a_balance,3
health,"Health impacts of prolonged sitting and optimal ergonomic postures, chairs, desks, and alternatives for back-friendly computer work.",https://www.reddit.com/r/StandingDesk/comments/15unfga/is_there_any_evidence_that_standing_desks_are,3
money,"Dealing with small medical debts in collections, their impact on credit reports, and negotiating payment or removal.",https://www.reddit.com/r/CRedit/comments/1dirxil/removing_a_collections,3
law,"US constitutional rules on citizenship at birth, territorial status, and eligibility to vote or become president.",https://en.wikipedia.org/wiki/Natural-born-citizen_clause_(United_States),3
law,"Legal rights around ownership and retrieval of gifted property, especially between parents, minors, ex-partners, and friends.",https://www.reddit.com/r/NoStupidQuestions/comments/11u1xql/am_i_legally_required_to_give_someone_back_a_gift,3
law,"Legal rights around ownership and retrieval of gifted property, especially between parents, minors, ex-partners, and friends.",https://www.reddit.com/r/BreakUps/comments/1bwa2ls/do_you_give_back_the_gifts_that_you_got_from_you,3
law,"Legal rights around ownership and retrieval of gifted property, especially between parents, minors, ex-partners, and friends.",https://www.reddit.com/r/legaladvice/comments/3oi3qo/can_a_parent_take_back_a_gift_given_to_their,3
law,"Legal rights around ownership and retrieval of gifted property, especially between parents, minors, ex-partners, and friends.",https://www.quora.com/If-a-parent-gifts-their-child-something-do-they-have-the-right-to-take-it-back-or-away,3
law,"Legal rights around ownership and retrieval of gifted property, especially between parents, minors, ex-partners, and friends.",https://www.reddit.com/r/legaladviceofftopic/comments/1bth1hl/does_a_minor_have_a_right_to_their_wages_in_the_us,3
law,"US constitutional rules on citizenship at birth, territorial status, and eligibility to vote or become president.",https://en.wikipedia.org/wiki/Federal_voting_rights_in_Puerto_Rico,3
money,Strategies for using 0% APR balance transfer credit cards to minimize or avoid interest on existing debts.,https://money.stackexchange.com/questions/119906/debt-management-0-cc-apr-for-15-months-vs-7-student-loan-debt,2
money,Strategies for using 0% APR balance transfer credit cards to minimize or avoid interest on existing debts.,https://www.reddit.com/r/discover/comments/1annncv/does_balance_transfer_have_back_interest_charges,2
money,Strategies for using 0% APR balance transfer credit cards to minimize or avoid interest on existing debts.,https://www.reddit.com/r/personalfinance/comments/16gvjba/should_i_empty_savings_to_pay_off_debt,2
money,Strategies for using 0% APR balance transfer credit cards to minimize or avoid interest on existing debts.,https://money.stackexchange.com/questions/73033/can-i-use-a-balance-transfer-offer-to-pay-off-someone-elses-credit-card-debt,2
money,Strategies for using 0% APR balance transfer credit cards to minimize or avoid interest on existing debts.,https://www.reddit.com/r/personalfinance/comments/1kx6aae/should_i_just_wipe_my_credit_card_debt_with,2
law,"Legal rights around ownership and retrieval of gifted property, especially between parents, minors, ex-partners, and friends.",https://www.reddit.com/r/AskAnthropology/comments/zmrce0/is_gift_giving_viewed_positively_across_all,2
law,"Legal rights around ownership and retrieval of gifted property, especially between parents, minors, ex-partners, and friends.",https://www.reddit.com/r/todayilearned/comments/17p70xy/til_engagement_rings_are_considered_a_conditional,2
money,Strategies for using 0% APR balance transfer credit cards to minimize or avoid interest on existing debts.,https://www.reddit.com/r/personalfinance/comments/7bub2k/pay_off_student_loans_with_0_apr_credit_card,2
law,"Legal rights around ownership and retrieval of gifted property, especially between parents, minors, ex-partners, and friends.",https://www.quora.com/What-are-the-legal-options-for-parents-to-dispose-of-possessions-left-behind-by-an-adult-child-who-has-been-evicted-from-their-home,2
money,Strategies for using 0% APR balance transfer credit cards to minimize or avoid interest on existing debts.,https://www.reddit.com/r/Debt/comments/1gvybyb/anyone_else_struggle_to_get_personal_loans_to_pay,2
money,Strategies for using 0% APR balance transfer credit cards to minimize or avoid interest on existing debts.,https://www.reddit.com/r/FinancialPlanning/comments/146hiy7/using_student_loans_to_pay_off_a_credit_cardyes,2
law,"Legal rights around ownership and retrieval of gifted property, especially between parents, minors, ex-partners, and friends.",https://www.reddit.com/r/legaladviceofftopic/comments/176vlt5/when_a_parent_buys_something_for_a_child_who_does,2
law,"Legal rights around ownership and retrieval of gifted property, especially between parents, minors, ex-partners, and friends.",https://law.stackexchange.com/questions/24391/can-you-take-back-a-gift,2
money,Strategies for using 0% APR balance transfer credit cards to minimize or avoid interest on existing debts.,https://www.reddit.com/r/personalfinance/comments/1gnj5xz/while_paying_off_credit_card_debt_whats_the_best,2
money,Strategies for using 0% APR balance transfer credit cards to minimize or avoid interest on existing debts.,https://www.reddit.com/r/UKPersonalFinance/comments/17o8nux/is_it_worth_it_to_pay_off_my_loan_with_credit,2
health,"Health impacts of prolonged sitting and optimal ergonomic postures, chairs, desks, and alternatives for back-friendly computer work.",https://www.reddit.com/r/OfficeChairs/comments/1maz9ef/thinking_of_finally_getting_a_proper_ergonomic,2
health,"Health impacts of prolonged sitting and optimal ergonomic postures, chairs, desks, and alternatives for back-friendly computer work.",https://www.reddit.com/r/StandingDesk/comments/1csav8a/how_long_can_someone_stand_and_work_at_a_standing,2
money,Strategies for using 0% APR balance transfer credit cards to minimize or avoid interest on existing debts.,https://www.reddit.com/r/personalfinance/comments/1gy7sms/is_it_better_to_pay_off_a_lower_interest_card,2
law,"Legal rights around ownership and retrieval of gifted property, especially between parents, minors, ex-partners, and friends.",https://www.reddit.com/r/BreakUps/comments/1d4xt4j/how_do_i_recover_from_love_bombing,2
money,"Dealing with small medical debts in collections, their impact on credit reports, and negotiating payment or removal.",https://www.reddit.com/r/CRedit/comments/xoldw4/what_are_the_insider_secrets_getting_collections,2
money,"Dealing with small medical debts in collections, their impact on credit reports, and negotiating payment or removal.",https://www.reddit.com/r/CRedit/comments/1fuzgny/has_anyone_ever_successfully_used_dispute_letters,2
money,"Dealing with small medical debts in collections, their impact on credit reports, and negotiating payment or removal.",https://www.reddit.com/r/CreditScore/comments/1c4c4b1/credit_score_mine_went_down_when_i_paid_off_my,2
money,"Dealing with small medical debts in collections, their impact on credit reports, and negotiating payment or removal.",https://www.reddit.com/r/povertyfinance/comments/x7vh28/and_this_is_why_i_dispute_my_medical_collections,2
law,"Legal rights around ownership and retrieval of gifted property, especially between parents, minors, ex-partners, and friends.",https://www.quora.com/Can-my-ex-boyfriend-legally-take-back-a-gift-he-gave-me-during-our-relationship,2
money,"Dealing with small medical debts in collections, their impact on credit reports, and negotiating payment or removal.",https://www.reddit.com/r/personalfinance/comments/wkk7pl/letting_medical_bills_go_to_collections,2
law,"Legal rights around ownership and retrieval of gifted property, especially between parents, minors, ex-partners, and friends.",https://www.quora.com/What-legal-rights-do-parents-have-regarding-adult-childrens-belongings-left-at-home,2
health,"Health impacts of prolonged sitting and optimal ergonomic postures, chairs, desks, and alternatives for back-friendly computer work.",https://www.reddit.com/r/Ergonomics/comments/1e2j3w9/what_are_things_you_want_in_an_ergonomic_chair,2
money,"Dealing with small medical debts in collections, their impact on credit reports, and negotiating payment or removal.",https://www.reddit.com/r/CRedit/comments/15kdf3o/seeking_advice_rebuilding_credit_from_480_to_700,2
money,"Dealing with small medical debts in collections, their impact on credit reports, and negotiating payment or removal.",https://www.reddit.com/r/Debt/comments/u80bxy/tips_for_when_youre_put_into_debt_collection_from,2
money,"Dealing with small medical debts in collections, their impact on credit reports, and negotiating payment or removal.",https://www.reddit.com/r/CRedit/comments/1braurc/can_i_get_a_collection_removed_from_my_credit,2
law,"Legal rights around ownership and retrieval of gifted property, especially between parents, minors, ex-partners, and friends.",https://www.reddit.com/r/legaladvice/comments/4ixxqd/ex_boyfriend_wants_me_to_return_gifts_after,2
law,"Legal rights around ownership and retrieval of gifted property, especially between parents, minors, ex-partners, and friends.",https://law.stackexchange.com/questions/96310/if-your-parents-give-you-something-as-a-gift-or-to-make-you-happy-can-they-lega,2
money,Strategies for using 0% APR balance transfer credit cards to minimize or avoid interest on existing debts.,https://www.reddit.com/r/personalfinance/comments/17ngruc/is_it_smart_to_keep_0_interest_debt_to_maximize,2
money,Strategies for using 0% APR balance transfer credit cards to minimize or avoid interest on existing debts.,https://www.reddit.com/r/FinancialPlanning/comments/1cm16un/what_are_your_experiences_on_debt_snowball_vs,2
money,Strategies for using 0% APR balance transfer credit cards to minimize or avoid interest on existing debts.,https://www.reddit.com/r/DaveRamsey/comments/1avv4wo/debt_snowball_vs_debt_avalanche,2
money,Strategies for using 0% APR balance transfer credit cards to minimize or avoid interest on existing debts.,https://www.reddit.com/r/personalfinance/comments/1iqsb6w/how_do_you_pay_off_credit_card_debt_efficiently,2
money,Strategies for using 0% APR balance transfer credit cards to minimize or avoid interest on existing debts.,https://www.reddit.com/r/UKPersonalFinance/comments/14qdnhr/new_to_credit_cards_why_cant_i_just_balance,2
law,"Legal rights around ownership and retrieval of gifted property, especially between parents, minors, ex-partners, and friends.",https://law.stackexchange.com/questions/96288/can-my-mom-take-back-a-gift-after-i-move-out,2
money,Strategies for using 0% APR balance transfer credit cards to minimize or avoid interest on existing debts.,https://www.reddit.com/r/CreditCards/comments/1ldg952/what_are_the_best_credit_cards_to_transfer_all,2
money,Strategies for using 0% APR balance transfer credit cards to minimize or avoid interest on existing debts.,https://www.reddit.com/r/personalfinance/comments/1dcaj7z/how_is_interest_calculated_on_a_balance_transfer,2
