dataset,url_base,num_repeat_url_bases
money,reddit.com,180
money,consumerfinance.gov,38
money,experian.com,15
money,bairdwealth.com,12
money,consumer.ftc.gov,7
money,bankrate.com,6
money,cms.gov,6
money,commonwealthfund.org,6
money,files.consumerfinance.gov,5
money,ftc.gov,5
money,guides.sll.texas.gov,5
money,dfpi.ca.gov,4
money,money.stackexchange.com,4
money,myfico.com,4
money,bankofamerica.com,3
money,bettermoneyhabits.bankofamerica.com,3
money,investopedia.com,3
money,advocatehealth.com,2
money,alliantcreditunion.org,2
money,arthritis.org,2
money,breadfinancial.com,2
money,cnbc.com,2
money,congress.gov,2
money,dfs.ny.gov,2
money,ent.com,2
money,fidelity.com,2
money,gecreditunion.org,2
money,gnanow.org,2
money,healthsystemtracker.org,2
money,incharge.org,2
money,macu.com,2
money,mutualofomaha.com,2
money,navyfederal.org,2
money,oag.ca.gov,2
money,patientrightsadvocate.org,2
money,princegeorgescfcu.org,2
money,rapalegal.com,2
money,santanderbank.com,2
money,stepchange.org,2
money,thefaircapital.com,2
money,vermonttreasurer.gov,2
money,voya.com,2
money,wellsfargo.com,2
money,westerracu.com,2
law,reddit.com,26
law,law.stackexchange.com,22
law,americanimmigrationcouncil.org,16
law,fvap.gov,10
law,travel.state.gov,10
law,quora.com,9
law,constitution.congress.gov,8
law,overseasvotefoundation.org,7
law,usa.gov,7
law,en.wikipedia.org,6
law,uscis.gov,6
law,constitutioncenter.org,5
law,archives.gov,4
law,brennancenter.org,4
law,fam.state.gov,4
law,law.cornell.edu,4
law,sos.ca.gov,4
law,statutes.capitol.texas.gov,4
law,findlaw.com,3
law,harvardlawreview.org,3
law,justice.gc.ca,3
law,law.georgetown.edu,3
law,legalmatch.com,3
law,netexpat.com,3
law,pmc.ncbi.nlm.nih.gov,3
law,usccr.gov,3
law,acquisition.gov,2
law,allinchallenge.org,2
law,answers.justia.com,2
law,aperian.com,2
law,avvo.com,2
law,boe.ca.gov,2
law,canada.ca,2
law,cfr.org,2
law,codes.ohio.gov,2
law,elections.virginia.gov,2
law,guides.loc.gov,2
law,guides.sll.texas.gov,2
law,law.lis.virginia.gov,2
law,leg.state.fl.us,2
law,legis.state.pa.us,2
law,lettersandsciencemag.ucdavis.edu,2
law,ncjfcj.org,2
law,news.northeastern.edu,2
law,ofac.treasury.gov,2
law,oyez.org,2
law,peoples-law.org,2
law,rockthevote.org,2
law,scholarship.law.upenn.edu,2
law,scstatehouse.gov,2
law,secure.ssa.gov,2
law,senate.gov,2
law,statecourtreport.org,2
law,supreme.justia.com,2
law,supremecourt.gov,2
law,texaslawhelp.org,2
law,travel.gc.ca,2
law,unicef.org,2
law,uscourts.gov,2
law,usvotefoundation.org,2
law,whitehouse.gov,2
health,mayoclinic.org,13
health,pmc.ncbi.nlm.nih.gov,11
health,redcrossblood.org,9
health,reddit.com,9
health,bodybilt.com,6
health,stanfordbloodcenter.org,5
health,health.harvard.edu,4
health,healthline.com,4
health,betterhealth.vic.gov.au,3
health,blood.co.uk,3
health,safety.pitt.edu,3
health,bloodcenter.org,2
health,cc.nih.gov,2
health,ccohs.ca,2
health,cdc.gov,2
health,cuimc.columbia.edu,2
health,medlineplus.gov,2
health,ncbi.nlm.nih.gov,2
health,nhs.uk,2
health,niaaa.nih.gov,2
health,ods.od.nih.gov,2
health,ohow.com,2
health,preferredergonomics.com,2
health,pubmed.ncbi.nlm.nih.gov,2
health,spine-health.com,2
health,upliftdesk.com,2
health,vitalant.org,2
health,yalemedicine.org,2
